2020;Mix2020;2019;Mix2019;2018;Mix2018;2017;Mix2017;2016;Mix2016;2015;Mix2015;2014;Mix2014;2013;Mix2013;2012;Mix2012;2011;Mix2011
Mix sin GdO;0,25;Mix sin GdO;0,31;Mix sin GdO;0,41;Mix sin GdO;0,43;Mix sin GdO;0,36;Mix sin GdO;0,40;Mix sin GdO;0,37;Mix sin GdO;0,36;Mix sin GdO;0,40;Mix sin GdO;0,36
ACCIONA GREEN ENERGY DEVELOPMENTS, S.L.;0,00;ACCIÓN ENERGÍA COMERCIALIZADORA, S.L.;0,00;24-7 UTILITIES, S.L.U.;0,00;A-DOS ENERGíA, S.L. ;0,34;ACCIONA GREEN ENERGY DEVELOPMENTS, S.L.;0,00;ACCIONA GREEN ENERGY DEVELOPMENTS, S.L.;0,00;ACCIONA GREEN ENERGY DEVELOPMENTS, S.L.;0,00;ACCIONA GREEN ENERGY DEVELOPMENTS, S.L.;0,00;ACCIONA GREEN ENERGY DEVELOPMENTS, S.L.;0,00;ACCIONA GREEN ENERGY DEVELOPMENTS, S.L.;0,00
ACCIÓN ENERGÍA COMERCIALIZADORA, S.L.;0,00;ACCIONA GREEN ENERGY DEVELOPMENTS, S.L.;0,00;ACCIONA GREEN ENERGY DEVELOPMENTS, S.L.;0,00;ACCIONA GREEN ENERGY DEVELOPMENTS, S.L.;0,00;ACCIÓN ENERGÍA COMERCIALIZADORA, S.L.;0,00;ALDRO ENERGÍA Y SOLUCIONES, S.L.U.;0,40;AGENTE DEL MERCADO ELÉCTRICO, S.A.;0,37;ALPIQ ENERGÍA ESPAÑA, S.A.U.;0,25;ALPIQ ENERGÍA ESPAÑA, S.A.U.;0,39;AE3000 AGENT COMERCIALITZADOR, S.L.;0,36
ACSOL ENERGÍA GLOBAL, S.A.;0,00;ACSOL ENERGÍA GLOBAL, S.A.;0,29;ACCIÓN ENERGÍA COMERCIALIZADORA, S.L.;0,00;ACCIÓN ENERGÍA COMERCIALIZADORA, S.L.;0,07;ADEINNOVA ENERGÍA, S.L.U.;0,33;ANOTHER ENERGY OPTION, S.L.;0,00;AURA ENERGÍA, S.L.;0,29;AXPO IBERIA, S.L.;0,03;COMERCIALIZADORA LERSA , S.L.;0,40;ALPIQ ENERGÍA ESPAÑA, S.A.U.;0,35
ACTIVA COMERCIALIZADORA DE ENERGÍA SL;0,00;ADEINNOVA ENERGÍA, S.L.U.;0,12;ACSOL ENERGÍA GLOBAL, S.A.;0,41;ACSOL ENERGÍA GLOBAL, S.A.;0,43;AGRI-ENERGÍA, S.A.;0,00;AUDAX ENERGÍA, S.L.U.;0,40;AVANZALIA ENERGÍA COMERCIALIZADORA, S.A.;0,00;CEPSA GAS Y ELECTRICIDAD;0,00;DERIVADOS ENERGÉTICOS PARA EL TRANSPORTE Y LA INDUSTRIA, S.A. (DETISA);0,31;COMERCIALIZADORA LERSA , S.L.;0,36
ADEINNOVA ENERGÍA, S.L.U.;0,00;ADELFAS ENERGÍA, S.L.;0,04;ADEINNOVA ENERGÍA, S.L.U.;0,31;ADEINNOVA ENERGÍA, S.L.U.;0,39;ALCANZIA ENERGÍA, S.L.;0,30;AURA ENERGÍA, S.L.;0,00;AXPO IBERIA, S.L.;0,00;CLIDOM ENERGY, S.L.;0,00;E.ON ENERGÍA, S.L.;0,30;DERIVADOS ENERGÉTICOS PARA EL TRANSPORTE Y LA INDUSTRIA, S.A. (DETISA);0,16
ADELFAS ENERGÍA, S.L.;0,00;ADS ENERGY 8,0, S.L.;0,00;ADELFAS ENERGÍA, S.L.;0,35;AGENTE DEL MERCADO ELÉCTRICO, S.A.;0,42;ALDRO ENERGÍA Y SOLUCIONES, S.L.U.;0,36;AVANZALIA ENERGÍA COMERCIALIZADORA, S.A.;0,25;CEPSA GAS Y ELECTRICIDAD, S.A.;0,00;COMERCIALIZADORA LERSA , S.L.;0,35;EGL ENERGÍA IBERIA, S.L.;0,00;E.ON ENERGÍA, S.L.;0,21
ADS ENERGY 8,0, S.L.;0,00;ADURIZ ENERGÍA, S.L.U.;0,00;AGENTE DEL MERCADO ELÉCTRICO, S.A.;0,36;AGRI-ENERGÍA, S.A.;0,00;ANOTHER ENERGY OPTION, S.L.;0,00;AXPO IBERIA, S.L.;0,00;CIDE HCENERGÍA S.A.;0,37;E.ON ENERGÍA, S.L.;0,25;ENARA GESTIÓN Y MEDIACIÓN, S.L.;0,00;EGL ENERGÍA IBERIA, S.L.;0,00
ADURIZ ENERGÍA, S.L.U.;0,00;AGENTE DEL MERCADO ELÉCTRICO, S.A.;0,27;AGRI-ENERGÍA, S.A.;0,00;ALCANZIA ENERGÍA, S.L.;0,32;AQUÍ ENERGÍA, S.L.;0,00;BASSOLS ENERGÍA COMERCIAL, S.L.;0,39;CLIDOM ENERGY, S.L.;0,00;ELECTRICA SOLLERENSE, S.A.;0,00;ENDESA ENERGÍA, S.A.;0,37;ENARA GESTIÓN Y MEDIACIÓN, S.L.;0,19
AGENTE DEL MERCADO ELÉCTRICO, S.A.;0,18;AGRI-ENERGÍA, S.A.;0,00;AGUAS DE BARBASTRO ENERGÍA, S.L.;0,41;ALDRO ENERGÍA Y SOLUCIONES, S.L.U.;0,42;AUDAX ENERGÍA, S.L.U.;0,36;CEPSA GAS Y ELECTRICIDAD, S.A.;0,00;COMERCIALIZADORA LERSA , S.L.;0,36;ENARA GESTIÓN Y MEDIACIÓN, S.L.;0,00;ENÉRGYA VM GESTIÓN DE ENERGÍA, S.L.U.;0,00;ENDESA ENERGÍA, S.A.;0,33
AGRI-ENERGÍA, S.A.;0,00;AGUAS DE BARBASTRO ENERGÍA, S.L.;0,31;ALCANZIA ENERGÍA, S.L.;0,30;ALPIQ ENERGÍA ESPAÑA, S.A.U.;0,06;AURA ENERGÍA, S.L.;0,00;CLIDOM ENERGY, S.L.;0,00;CYE ENERGÍA, S.L.;0,00;ENDESA ENERGÍA, S.A.;0,31;FACTOR ENERGÍA, S.A.;0,25;ENÉRGYA VM GESTIÓN DE ENERGÍA, S.L.U.;0,00
AGUAS DE BARBASTRO ENERGÍA, S.L.;0,25;AHORRELUZ SERVICIOS ONLINE S.L;0,00;ALDRO ENERGÍA Y SOLUCIONES, S.L.U.;0,40;ANOTHER ENERGY OPTION, S.L.;0,02;AVANZALIA ENERGÍA COMERCIALIZADORA, S.A.;0,15;COMERCIALIZADORA LERSA , S.L.;0,40;E.ON ENERGÍA, S.L.;0,27;ENDESA GENERACIÓN, S.A.;0,28;GAS NATURAL COMERCIALIZADORA, S.A.;0,14;FACTOR ENERGÍA, S.A;0,23
AHORRELUZ SERVICIOS ONLINE S.L;0,00;AHORRO ENERGÍA HOGAR INVESTMENTS, S.L.;0,31;ALILUZ MEDITERRANEA, S.L.;0,00;APELES ELECTRICIDAD, S.L.;0,00;AXPO IBERIA, S.L.;0,00;COMERCIALIZADORA ZERO ELECTRUM, S.L.;0,40;ELECTRICA SOLLERENSE, S.A.;0,26;ENERCOLUZ ENERGÍA, S.L.;0,36;GAS NATURAL SERVICIOS SDG, S.A.;0,13;GAS NATURAL COMERCIALIZADORA, S.A.;0,08
AHORRO ENERGÍA HOGAR INVESTMENTS, S.L.;0,22;ALCANZIA ENERGÍA, S.L.;0,00;ALPIQ ENERGÍA ESPAÑA, S.A.U.;0,12;AQUÍ ENERGÍA, S.L.;0,00;BASSOLS ENERGÍA COMERCIAL, S.L.;0,00;COMPAÑÍA ESCANDINAVA DE ELECTRICIDAD EN ESPAÑA, S.L.;0,00;ENARA GESTIÓN Y MEDIACIÓN, S.L.;0,00;ENERGY BY COGEN, S.L.;0,32;GDF SUEZ ESPAÑA, S.A.U.;0,01;GAS NATURAL SERVICIOS SDG, S.A.;0,08
AIRE COMERCIALIZADORA S.L.;0,00;ALDRO ENERGÍA Y SOLUCIONES, S.L.U.;0,30;ANOTHER ENERGY OPTION, S.L.;0,35;ASAL DE ENERGÍA, S.L. ;0,00;BETA RENOWABLE GROUP, S.A.;0,00;COOPERATIVA ELECTRICA DE CASTELLAR, S.C.V.;0,00;ENDESA ENERGÍA, S.A.;0,33;ENÉRGYA VM GESTIÓN DE ENERGÍA, S.L.U.;0,00;GEOATLANTER, S.L.;0,00;GDF SUEZ ESPAÑA, S.A.U.;0,00
AIRE LIMPIO SL;0,00;ALPEX IBERICA DE ENERGÍA, S.L.U;0,00;AQUÍ ENERGÍA, S.L.;0,00;AUDAX ENERGÍA, S.L.U.;0,41;CEMOI ELECTRICITE, S.L. ;0,18;CYE ENERGÍA, S.L.;0,03;ENDESA GENERACIÓN, S.A.;0,00;FACTOR ENERGÍA, S.A.;0,24;GESTERNOVA, S.A.;0,00;GESTERNOVA, S.A.;0,00
ALCANZIA ENERGÍA, S.L.;0,00;ALPIQ ENERGÍA ESPAÑA, S.A.U.;0,18;ASAL DE ENERGÍA, S.L. ;0,00;AURA ENERGÍA, S.L.;0,00;CEPSA GAS Y ELECTRICIDAD, S.A.;0,00;DREUE ELECTRIC, S.L.;0,02;ENEL GREEN POWER ESPAÑA, S.L.;0,00;FENIE ENERGÍA, S.A.;0,35;HIDROCANTABRICO ENERGÍA, S.A. Unipersonal;0,24;HIDROCANTABRICO ENERGÍA, S.A. UNIPERSONAL;0,23
ALDRO ENERGÍA Y SOLUCIONES, S.L.U.;0,00;ANOTHER ENERGY OPTION, S.L.;0,00;AUDAX ENERGÍA, S.L.U.;0,29;AUSARTA PRIMA, S.L.;0,00;CLIDOM ENERGY, S.L.;0,00;E.ON ENERGÍA, S.L.;0,34;ENERCOLUZ ENERGÍA, S.L.;0,31;GAS NATURAL COMERCIALIZADORA, S.A.;0,23;HIDROELÉCTRICA EL CARMEN ENERGÍA, S.L.;0,00;HIDROELÉCTRICA EL CARMEN ENERGÍA, S.L.;0,33
ALPEX IBÉRICA DE ENERGÍA, S.L.U;0,00;AQUÍ ENERGÍA, S.L.;0,00;AURA ENERGÍA, S.L.;0,00;AVANZALIA ENERGÍA COMERCIALIZADORA, S.A.;0,11;COMERCIALIZADORA ELÉCTRICA DE CADIZ, S.A.;0,00;ELECTRICA DE CHERA, S.C.V.;0,00;ENÉRGYA VM GESTIÓN DE ENERGÍA, S.L.U.;0,00;GAS NATURAL SERVICIOS SDG, S.A.;0,23;IBERDROLA GENERACION, S.A.U.;0,24;IBERDROLA GENERACION, S.A.U.;0,17
ALPIQ ENERGÍA ESPAÑA, S.A.U.;0,14;ASAL DE ENERGÍA, S.L. ;0,00;AUSARTA PRIMA, S.L.;0,00;AXPO IBERIA, S.L.;0,00;COMERCIALIZADORA LERSA , S.L.;0,05;ELECTRICA DE GUADASSUAR COOP. V.;0,00;FACTOR ENERGÍA, S.A.;0,27;GDF SUEZ ESPAÑA, S.A.U.;0,32;"LA UNION ELECTRO INDUSTRIAL, S.L. ""UNIPERSONAL""";0,35;NATURGAS COMERCIALIZADORA, S.A.;0,26
ALSET COMERCIALIZADORA, S.L.;0,00;ATLAS ENERGÍA COMERCIAL, S.L.;0,28;AVANZALIA ENERGÍA COMERCIALIZADORA, S.A.;0,25;BASSOLS ENERGÍA COMERCIAL, S.L.;0,00;COMPAÑÍA ESCANDINAVA DE ELECTRICIDAD EN ESPAÑA, S.L.;0,00;ELECTRICA SOLLERENSE, S.A.;0,33;FENIE ENERGÍA, S.A.;0,32;GEOATLANTER, S.L.;0,00;NATURGAS ENERGÍA COMERCIALIZADORA, S.A.U.;0,25;NEXUS ENERGÍA, S.A.;0,36
ANOTHER ENERGY OPTION, S.L.;0,00;AUDAX ENERGÍA, S.L.U.;0,00;AXPO IBERIA, S.L.;0,00;CEPSA GAS Y ELECTRICIDAD, S.A.;0,00;COMPAÑÍA LUMISA ENERGÍAS, S.L.;0,02;ELÉCTRICA DE MELIANA, S.C.V.;0,00;GAS NATURAL COMERCIALIZADORA, S.A.;0,29;GESTERNOVA, S.A.;0,00;NEXUS ENERGÍA, S.A.;0,30;NEXUS RENOVABLES, S.L.;0,00
AQUÍ ENERGÍA, S.L.;0,00;AURA ENERGÍA, S.L.;0,00;BASSOLS ENERGÍA COMERCIAL, S.L.;0,00;CLIDOM ENERGY, S.L.;0,00;COOPERATIVA ELÉCTRICA DE CASTELLAR, S.C.V.;0,00;ELÉCTRICA DE SOT DE CHERA S. COOP.V.;0,00;GAS NATURAL SERVICIOS SDG, S.A.;0,29;GOIENER S.COOP;0,00;NEXUS RENOVABLES, S.L.;0,01;SOM ENERGÍA, S.C.C.L.;0,00
ARACÁN ENERGÍA, S.L.;0,24;AUSARTA PRIMA, S.L.;0,00;CATGAS ENERGÍA, S.A.;0,40;COMERCIALIZADORA ELÉCTRICA DE CÁDIZ, S.A.;0,00;COOPERATIVA ELÉCTRICA BENÉFICA CATRALENSE, COOP. V.;0,00;ELÉCTRICA DE VINALESA, S.L.U.;0,21;GDF SUEZ ENERGÍA ESPAÑA, S.A.U.;0,34;HIDROCANTABRICO ENERGÍA, S.A. Unipersonal;0,17;SOM ENERGÍA, S.C.C.L.;0,00;UNION FENOSA COMERCIAL, S.L.;0,33
ARSUS ENERGÍA, S.L;0,25;AVANZALIA ENERGÍA COMERCIALIZADORA, S.A.;0,19;CEMOI ELECTRICITE, S.L. ;0,38;COMERCIALIZADORA ELÉCTRICA TALAYUELAS, S.L.;0,00;COOPERATIVA ELÉCTRICA BENÉFICA SAN FRANCISCO DE ASÍS, COOP. V.;0,00;EMASP, S. COOP.;0,00;GEOATLANTER, S.L.;0,00;HIDROELECTRICA DEL VALIRA, S.L.;0,14;UNION FENOSA COMERCIAL, S.L.;0,39;;
ASAL DE ENERGÍA, S.L. ;0,00;AXPO IBERIA, S.L.;0,00;"CEPSA COMERCIAL PETRÓLEO,
S.A.U.";0,00;COMERCIALIZADORA LERSA , S.L.;0,00;COOPERATIVA ELÉCTRICA-BENÉFICA ALBATERENSE, COOP.V.;0,00;ENARA GESTIÓN Y MEDIACIÓN, S.L.;0,00;GESTERNOVA, S.A.;0,00;HIDROELÉCTRICA EL CARMEN ENERGÍA, S.L.;0,00;ZENCER, S. COOP. AND;0,00;;
ATENCO ENERGÍA SL;0,00;BASSOLS ENERGÍA COMERCIAL, S.L.;0,00;CEPSA GAS Y ELECTRICIDAD, S.A.;0,00;COMPAÑÍA ESCANDINAVA DE ELECTRICIDAD EN ESPAÑA, S.L.;0,00;CYE ENERGÍA, S.L.;0,00;ENDESA ENERGÍA, S.A.;0,38;GOIENER S.COOP;0,00;IBERDROLA GENERACION, S.A.U.;0,16;;;;
ATLAS ENERGÍA COMERCIAL, S.L.;0,21;BEYOND SUN SL;0,00;CHITAHI ENERGY, S.L.;0,00;COOPERATIVA ELÉCTRICA DE CASTELLAR, S.C.V.;0,00;DAIMUZ ENERGÍA, S.L.;0,36;ENERCOLUZ ENERGÍA, S.L.;0,33;HIDROCANTABRICO ENERGÍA, S.A. Unipersonal;0,19;"LA UNION ELECTRO INDUSTRIAL, S.L. ""UNIPERSONAL""";0,00;;;;
AUDAX ENERGÍA, S.L.U.;0,00;BSG ENERGÍA S.L.;0,29;CLIDOM ENERGY, S.L.;0,00;COOPERATIVA ELÉCTRICA BENÉFICA CATRALENSE, COOP. V.;0,00;DREUE ELECTRIC, S.L.;0,00;ENERGY STROM XXI, S.L.;0,40;HIDROELECTRICA DEL VALIRA, S.L.;0,14;NATURGAS ENERGÍA COMERCIALIZADORA, S.A.U.;0,21;;;;
AURA ENERGÍA, S.L.;0,00;BULB ENERGÍA IBERICA, S.L.;0,00;COMERCIALIZADORA DE ELECTRICIDAD Y GAS DEL MEDITERRÁNEO, S.L.;0,00;COOPERATIVA ELÉCTRICA BENÉFICA SAN FRANCISCO DE ASÍS, COOP. V.;0,00;DRK ENERGY, S.L.;0,00;ENERGÍA COLECTIVA, S.L.;0,00;HIDROELÉCTRICA EL CARMEN ENERGÍA, S.L.;0,00;NEXUS ENERGÍA, S.A.;0,12;;;;
AUSARTA PRIMA, S.L.;0,00;CATGAS ENERGÍA, S.A.;0,00;COMERCIALIZADORA DE ENERGÍA DIRECTA, S.L.;0,00;COOPERATIVA ELÉCTRICA-BENÉFICA ALBATERENSE, COOP.V.;0,00;EDP COMERCIALIZADORA, S.A.U.;0,24;ENERPLUS ENERGÍA, S.A.;0,01;IBERDROLA CLIENTES, S.A.U.;0,12;NEXUS RENOVABLES, S.L.;0,00;;;;
AVANZALIA ENERGÍA COMERCIALIZADORA, S.A.;0,20;"CEPSA COMERCIAL PETRÓLEO,
 S.A.U.";0,00;COMERCIALIZADORA ELECTRICA DE CADIZ, S.A.;0,00;COOPERATIVA VALENCIANA ELECTRODISTRIBUIDORA DE FUERZA Y ALUMBRADO SERRALLO, S.Coop.V.;0,00;EDP Energía S.A.U.;0,24;ENÉRGYA VM GESTIÓN DE ENERGÍA, S.L.U.;0,00;"LA UNION ELECTRO INDUSTRIAL, S.L. ""UNIPERSONAL""";0,04;OLTEN-LLUM, S.L.;0,34;;;;
AXPO IBERIA, S.L.;0,00;CEPSA GAS Y ELECTRICIDAD, S.A.;0,00;COMERCIALIZADORA ELÉCTRICA TALAYUELAS, S.L.;0,00;COX ENERGÍA COMERCIALIZADORA ESPAÑA, S.L.U.;0,00;ELECNOVA SIGLO XXI, S.L.;0,00;FACTOR ENERGÍA, S.A.;0,31;NATURGAS ENERGÍA COMERCIALIZADORA, S.A.U.;0,20;SOM ENERGÍA, S.C.C.L.;0,00;;;;
BASSOLS ENERGÍA COMERCIAL, S.L.;0,00;CIDE HCENERGÍA S.A.;0,31;COMERCIALIZADORA LERSA , S.L.;0,00;CYE ENERGÍA, S.L.;0,00;ELECTRA DEL CARDENER ENERGÍA, S.A.;0,00;FENIE ENERGÍA, S.A.;0,36;NEXUS ENERGÍA, S.A.;0,13;UNIELÉCTRICA ENERGÍA, S.L.;0,00;;;;
BEYOND SUN SL;0,00;CLIDOM ENERGY, S.L.;0,00;COMPAÑÍA ESCANDINAVA DE ELECTRICIDAD EN ESPAÑA, S.L.;0,00;DAIMUZ ENERGÍA, S.L.;0,00;ELÉCTRICA ALBATERENSE, S.L.;0,00;GAS NATURAL COMERCIALIZADORA, S.A.;0,35;NEXUS RENOVABLES, S.L.;0,00;UNION FENOSA COMERCIAL, S.L.;0,36;;;;
BIROU GAS S.L.;0,24;COMERCIALIZADORA DE ELECTRICIDAD Y GAS DEL MEDITERRÁNEO, S.L.;0,00;COOPERATIVA ELECTRICA DE CASTELLAR, S.C.V.;0,00;DISA ENERGÍA ELÉCTRICA, S.L.U.;0,00;ELÉCTRICA ALGIMIA DE ALFARA, S.COOP.V.;0,00;GAS NATURAL SERVICIOS SDG, S.A.;0,36;OLTEN-LLUM, S.L.;0,34;ZENCER, S. COOP. AND;0,00;;;;
BON PREU, SAU;0,00;COMERCIALIZADORA ELECTRICA DE CADIZ, S.A.;0,00;COOPERATIVA ELÉCTRICA BENÉFICA CATRALENSE, COOP. V.;0,00;DREUE ELECTRIC, S.L.;0,26;ELÉCTRICA CATRALENSE, S.L.;0,03;GDF SUEZ ENERGÍA ESPAÑA, S.A.U.;0,35;ON DEMAND FACILITIES, S.L.;0,37;;;;;;
BULB ENERGÍA IBÉRICA SL;0,00;COMERCIALIZADORA ELECTRICA PENINSULAR, S.L.;0,31;COOPERATIVA ELÉCTRICA BENÉFICA SAN FRANCISCO DE ASÍS, COOP. V.;0,00;DRK ENERGY, S.L.;0,02;ELÉCTRICA DE CHERA, S.C.V.;0,00;GEOATLANTER, S.L.;0,14;SOM ENERGÍA, S.C.C.L.;0,00;;;;;;
BY ENERGYC ENERGÍA EFICIENTE, S.L.;0,00;COMERCIALIZADORA ELÉCTRICA TALAYUELAS, S.L.;0,07;COOPERATIVA ELÉCTRICA-BENÉFICA ALBATERENSE, COOP.V.;0,00;ECOFUTURA LUZ ENERGÍA, S.L.;0,00;ELÉCTRICA DE GUADASSUAR COOP. V.;0,00;GESTERNOVA, S.A.;0,00;THE YELLOW ENERGY, S.L.;0,00;;;;;;
CATGAS ENERGÍA, S.A.;0,00;COMERCIALIZADORA ENERGÉTICA SOSTENIBLE, S.A.U.;0,00;COOPERATIVA VALENCIANA ELECTRODISTRIBUIDORA DE FUERZA Y ALUMBRADO SERRALLO, S.Coop.V.;0,00;EDP COMERCIALIZADORA, S.A.U.;0,26;ELÉCTRICA DIRECTA ENERGÍA, S.L.;0,00;GNERA ENERGÍA Y TECNOLOGIA, S.L.;0,00;UNIELÉCTRICA ENERGÍA, S.A.;0,00;;;;;;
"CEPSA COMERCIAL PETRÓLEO,
S.A.U.";0,00;COMERCIALIZADORA LERSA , S.L.;0,01;COX ENERGÍA COMERCIALIZADORA ESPAÑA, S.L.U.;0,00;EDP ENERGÍA S.A.U.;0,25;ELÉCTRICA SOLLERENSE, S.A.;0,00;GOIENER S.COOP;0,01;VERTSEL ENERGÍA, S.L.U.;0,02;;;;;;
CEPSA GAS Y ELECTRICIDAD, S.A.;0,00;COMPAÑÍA ESCANDINAVA DE ELECTRICIDAD EN ESPAÑA, S.L.;0,00;CYE ENERGÍA, S.L.;0,01;ELECNOVA SIGLO XXI, S.L.;0,00;ELECTRODISTRIBUIDORA DE FUERZA Y ALUMBRADO CASABLANCA, S. COOP.V.;0,00;HIDROCANTABRICO ENERGÍA, S.A. Unipersonal;0,23;ZENCER, S. COOP. AND;0,16;;;;;;
CHITAHI ENERGY, S.L.;0,25;COOPERATIVA ELÉCTRICA BENÉFICA CATRALENSE, COOP. V.;0,00;DAIMUZ ENERGÍA, S.L.;0,00;ELECTRA CALDENSE ENERGÍA, S.A.;0,00;ELYGAS POWER, S.L.;0,00;HIDROELECTRICA DEL VALIRA, S.L.;0,30;;;;;;;;
CIDE HCENERGÍA S.A.;0,25;COOPERATIVA ELÉCTRICA BENÉFICA SAN FRANCISCO DE ASÍS, COOP. V.;0,01;DISA ENERGÍA ELECTRICA, S.L.U.;0,00;ELECTRA DEL CARDENER ENERGÍA, S.A.;0,00;ELÉCTRICA DE MELIANA, S.C.V.;0,00;HIDROELÉCTRICA EL CARMEN ENERGÍA, S.L.;0,00;;;;;;;;
COMERCIALIZADORA DE ELECTRICIDAD Y GAS DEL MEDITERRÁNEO, S.L.;0,00;COOPERATIVA ELECTRICA DE CASTELLAR, S.C.V.;0,00;DREUE ELECTRIC, S.L.;0,40;ELÉCTRICA ALBATERENSE, S.L.;0,00;ELÉCTRICA DE SOT DE CHERA S. COOP.V.;0,00;IBERDROLA CLIENTES, S.A.U.;0,21;;;;;;;;
COMERCIALIZADORA DE ENERGÍA DIRECTA, S.L.;0,00;COOPERATIVA ELÉCTRICA-BENÉFICA ALBATERENSE, COOP.V.;0,00;DRK ENERGY, S.L.;0,00;ELÉCTRICA CATRALENSE, S.L.;0,00;ELÉCTRICA DE VINALESA, S.L.U.;0,04;INDEXO ENERGÍA, S.L.;0,10;;;;;;;;
COMERCIALIZADORA ELÉCTRICA DE CADIZ, S.A.;0,00;COOPERATIVA VALENCIANA ELECTRODISTRIBUIDORA DE FUERZA Y ALUMBRADO SERRALLO, S.Coop.V.;0,00;ECOEQ ENERGÉTICA, S.L.;0,40;ELÉCTRICA DE CHERA, S.C.V.;0,00;ELÉCTRICA DEL POZO, S.COOP.MAD.;0,00;INICIATIVA E. NOVA, S.L.;0,00;;;;;;;;
COMERCIALIZADORA ELÉCTRICA PENINSULAR S.L.;0,00;COX ENERGÍA COMERCIALIZADORA ESPAÑA, S.L.U.;0,00;ECOFUTURA LUZ ENERGÍA, S.L.;0,15;ELÉCTRICA DE GUADASSUAR COOP. V.;0,00;ELÉCTRICA NTRA. SRA. DE GRACIA SDAD. COOP. VALENCIANA;0,00;"LA UNION ELECTRO INDUSTRIAL, S.L. ""UNIPERSONAL""";0,00;;;;;;;;
COMERCIALIZADORA ELÉCTRICA TALAYUELAS, S.L.;0,00;CYE ENERGÍA, S.L.;0,00;ECONACTIVA, S. COOP DE C-LM;0,00;ELÉCTRICA DE GUIXES ENERG¿A, S.L.;0,30;EMASP, S. COOP.;0,00;LIGHT UP, S.L.;0,00;;;;;;;;
COMERCIALIZADORA ENERGÉTICA SOSTENIBLE, S.A.U.;0,00;DAIMUZ ENERGÍA, S.L.;0,00;EDP COMERCIALIZADORA, S.A.U.;0,23;ELÉCTRICA DIRECTA ENERGÍA, S.L.;0,06;ENARA GESTIÓN Y MEDIACIÓN, S.L.;0,00;LUCI MUNDI ENERGÍA, S.L.;0,17;;;;;;;;
COMERCIALIZADORA LERSA , S.L.;0,00;DISA ENERGÍA ELÉCTRICA, S.L.U.;0,00;EDP ENERGÍA S.A.U.;0,23;ELÉCTRICA SOLLERENSE, S.A.;0,00;ENDESA ENERGÍA, S.A.;0,34;NATURGAS ENERGÍA COMERCIALIZADORA, S.A.U.;0,23;;;;;;;;
COMERCIALIZADORA TORRES ENERGÍA, S.L.;0,00;DREUE ELECTRIC, S.L.;0,28;ELECNOVA SIGLO XXI, S.L.;0,35;ELÉCTRICA DE MELIANA, S.C.V.;0,00;ENERCOLUZ ENERGÍA, S.L.;0,30;NEXUS ENERGÍA, S.A.;0,12;;;;;;;;
COMPAÑÍA ESCANDINAVA DE ELECTRICIDAD EN ESPAÑA, S.L.;0,00;DRK ENERGY, S.L.;0,23;ELECTRA ALTO MIÑO COMERCIALIZADORA DE ENERGÍA, S.L.U.;0,41;ELÉCTRICA DE SOT DE CHERA S. COOP.V.;0,00;ENERGEA SAVING ENERGY, S.L.;0,00;NEXUS RENOVABLES, S.L.;0,02;;;;;;;;
CONECTA ENERGÍA VERDE, S.L.;0,00;ECOEQ ENERGÉTICA, S.L.;0,16;ELECTRA CALDENSE ENERGÍA, S.A.;0,00;ELÉCTRICA DE VINALESA, S.L.U.;0,06;ENERGÍA NARANJA, S.L.;0,00;ON DEMAND FACILITIES, S.L.;0,04;;;;;;;;
COOPERATIVA ELÉCTRICA DE CASTELLAR, S.C.V.;0,00;ECOFUTURA LUZ ENERGÍA, S.L.;0,30;ELECTRA CUNTIENSE COMERCIALIZADORA, S.L.U.;0,41;EMASP, S. COOP.;0,00;ENERGY STROM XXI, S.L.;0,32;PROT ENERGÍA COMERCIALIZACIÓN, S.L.;0,00;;;;;;;;
COOPERATIVA ELÉCTRICA BENÉFICA CATRALENSE, COOP. V.;0,00;ECONACTIVA, S. COOP DE C-LM;0,00;ELECTRA DEL CARDENER ENERGÍA, S.A.;0,00;EMPRESA DE ALUMBRADO ELÉCTRICO DE CEUTA, S.A.;0,42;ENERGY TRADER SOLUTIONS, S.L.;0,34;RENEWABLE VENTURES, S.L.;0,00;;;;;;;;
COOPERATIVA ELÉCTRICA BENÉFICA SAN FRANCISCO DE ASÍS, COOP. V.;0,00;EDP COMERCIALIZADORA, S.A.U.;0,23;ELECTRA ENERGÍA, S.A.U.;0,37;ENARA GESTIÓN Y MEDIACIÓN, S.L.;0,00;ENERGÍA COLECTIVA, S.L.;0,00;SAMPOL INGENIERÍA Y OBRAS, S.A.;0,31;;;;;;;;
COOPERATIVA ELÉCTRICA-BENÉFICA ALBATERENSE, COOP.V.;0,00;EDP ENERGÍA, S.A.U.;0,12;ELECTRA NORTE ENERGÍA, S.A.U.;0,41;ENDESA ENERGÍA, S.A.;0,39;ENERGÍA DLR COMERCIALIZADORA, S.L.;0,36;SOM ENERGÍA, S.C.C.L.;0,00;;;;;;;;
COOPERATIVA VALENCIANA ELECTRODISTRIBUIDORA DE FUERZA Y ALUMBRADO SERRALLO, S.Coop.V.;0,00;ELECNOVA SIGLO XXI, S.L.;0,00;ELECTRICA ALBATERENSE, S.L.;0,00;ENERCOLUZ ENERGÍA, S.L.;0,00;ENERPLUS ENERGÍA, S.A.;0,00;SUMINISTROS ESPECIALES ALGINETENSES COOP. V.;0,00;;;;;;;;
CORPOLUX, S.L.;0,19;ELECTRA AVELLANA COMERCIAL, S.L.;0,00;ELECTRICA CATRALENSE, S.L.;0,00;ENERGEA SAVING ENERGY, S.L.;0,00;ENGIE ESPAÑA, S.L.U.;0,34;SYDER COMERCIALIZADORA VERDE, S.L.;0,00;;;;;;;;
CORPORACIÓN ALIMENTARIA GUISSONA, S.A.;0,29;ELECTRA CALDENSE ENERGÍA, S.A.;0,00;ELECTRICA DE CHERA, S.C.V.;0,00;ENERGY STROM XXI, S.L.;0,37;ENÉRGYA VM GESTIÓN DE ENERGÍA, S.L.U.;0,00;TELEFÓNICA SOLUCIONES DE INFORMÁTICA Y COMUNICACIONES DE ESPAÑA, S.A.U.;0,05;;;;;;;;
COX ENERGÍA COMERCIALIZADORA ESPA¿A, S.L.U.;0,00;ELECTRA DEL CARDENER ENERGÍA, S.A.;0,00;ELECTRICA DE GUADASSUAR COOP. V.;0,00;ENERGÍA COLECTIVA, S.L.;0,00;EPRESA ENERGÍA, S.A.U.;0,00;THE YELLOW ENERGY, S.L.;0,00;;;;;;;;
CYE ENERGÍA, S.L.;0,00;ELECTRA ENERGÍA, S.A.U.;0,00;ELECTRICA DE GUIXES ENERGÍA, S.L.;0,35;ENERGÍA DLR COMERCIALIZADORA, S.L.;0,43;ESTABANELL Y PAHISA MERCATOR, S.A.;0,00;UNIELÉCTRICA ENERGÍA, S.A.;0,00;;;;;;;;
DAIMUZ ENERGÍA, S.L.;0,00;ELECTRA NORTE ENERGÍA, S.A.U.;0,29;ELECTRICA DIRECTA ENERGÍA, S.L.;0,00;ENERPLUS ENERGÍA, S.A.;0,33;ESTRATEGIAS ELÉCTRICAS INTEGRALES, S.A.;0,28;VERTSEL ENERGÍA, S.L.U.;0,00;;;;;;;;
DISA ENERGÍA ELÉCTRICA, S.L.U.;0,00;ELECTRICA ALBATERENSE, S.L.;0,00;ELECTRICA SEROSENSE, S.L.;0,39;ENGIE ESPAÑA, S.L.U.;0,38;EXPORT INNOVATION GROUP S.L.;0,00;WATIUM, S.L.;0,00;;;;;;;;
DOMÉSTICA GAS Y ELECTRICIDAD SLU;0,00;ELECTRICA CATRALENSE, S.L.;0,00;ELECTRICA SOLLERENSE, S.A.;0,00;ENÉRGYA VM GESTIÓN DE ENERGÍA, S.L.U.;0,00;FACTOR ENERGÍA, S.A.;0,29;ZENCER, S. COOP. AND;0,00;;;;;;;;
DREUE ELECTRIC, S.L.;0,21;ELECTRICA DE CHERA, S.C.V.;0,00;ELECTRICA VAQUER ENERGÍA, S.A.;0,00;ESTABANELL Y PAHISA MERCATOR, S.A.;0,00;FENIE ENERGÍA, S.A.;0,00;;;;;;;;;;
DRK ENERGY, S.L.;0,00;ELECTRICA DE GUADASSUAR COOP. V.;0,00;ELÉCTRICA DE MELIANA, S.C.V.;0,00;ESTRATEGIAS ELÉCTRICAS INTEGRALES, S.A.;0,32;FLUIDO ELÉCTRICO MUSEROS, SCV;0,00;;;;;;;;;;
DUFENERGY TRADING S.A.;0,00;ELECTRICA DE GUIXES ENERGÍA, S.L.;0,18;ELÉCTRICA DE SOT DE CHERA S. COOP.V.;0,00;FACTOR ENERGÍA, S.A.;0,32;FOENER COMERCIALIZACIÓN, S.L.U.;0,36;;;;;;;;;;
ECOEQ ENERGÉTICA, S.L.;0,24;ELÉCTRICA DE MELIANA, S.C.V.;0,00;ELÉCTRICA DE VINALESA, S.L.U.;0,00;FENIE ENERGÍA, S.A.;0,00;FUSIONA COMERCIALIZADORA, S.A.;0,00;;;;;;;;;;
ECOFUTURA LUZ ENERGÍA, S.L.;0,25;ELÉCTRICA DE SOT DE CHERA S. COOP.V.;0,00;ELÉCTRICA NTRA. SRA. DE GRACIA SDAD. COOP. VALENCIANA;0,37;FOENER COMERCIALIZACIÓN, S.L.U.;0,36;GAOLANIA SERVICIOS, S.L.;0,34;;;;;;;;;;
ECONACTIVA, S. COOP DE C-LM;0,00;ELECTRICA SEROSENSE, S.L.;0,29;EMASP, S. COOP.;0,00;GALP ENERGÍA ESPAÑA S.A.U.;0,41;GAS NATURAL COMERCIALIZADORA, S.A.;0,29;;;;;;;;;;
EDP CLIENTES SAU;0,12;ELECTRICA SOLLERENSE, S.A.;0,00;EMPRESA DE ALUMBRADO ELECTRICO DE CEUTA, S.A.;0,41;GAOLANIA SERVICIOS, S.L.;0,00;GAS NATURAL SERVICIOS SDG, S.A.;0,29;;;;;;;;;;
EDP COMERCIALIZADORA, S.A.U.;0,21;ELECTRICA VAQUER ENERGÍA, S.A.;0,00;ENARA GESTIÓN Y MEDIACIÓN, S.L.;0,00;GAS NATURAL COMERCIALIZADORA, S.A.;0,35;GEO ALTERNATIVA, S.L.;0,00;;;;;;;;;;
EDP ENERGÍA S.A.U.;0,22;ELECTRICA VINALESA SDAD COOP VALENCIANA;0,00;ENDESA ENERGÍA, S.A.;0,38;GAS NATURAL FENOSA RENOVABLES, S.L.U.;0,00;GEOATLANTER, S.L.;0,00;;;;;;;;;;
ELECNOVA SIGLO XXI, S.L.;0,23;ELÉCTRICAS HIDROBESORA, S.L.;0,00;ENDESA GENERACIÓN, S.A.;0,00;GAS NATURAL SERVICIOS SDG, S.A.;0,39;GESTERNOVA, S.A.;0,00;;;;;;;;;;
ELECTRA AVELLANA COMERCIAL, S.L.;0,00;ELECTRICIDAD ELEIA S.L.;0,00;ENERCOLUZ ENERGÍA, S.L.;0,16;GEO ALTERNATIVA, S.L.;0,00;GIGABUSINESS, S.L.;0,07;;;;;;;;;;
ELECTRA CALDENSE ENERGÍA, S.A.;0,00;ELEKTRON COMERCIALIZADORA DE ENERGÍA, S.L.;0,24;ENERGEA SAVING ENERGY, S.L.;0,00;GEOATLANTER, S.L.;0,00;GLOBAL BIOSFERA PROTEC, S.L.;0,32;;;;;;;;;;
ELECTRA DEL CARDENER ENERGÍA, S.A.;0,00;ELEVA 2 COMERCIALIZADORA, S.L.;0,00;ENERGÍA NARANJA, S.L.;0,25;GESTERNOVA, S.A.;0,00;GENERA ENERGÍA Y TECNOLOGIA, S.L.;0,00;;;;;;;;;;
ELECTRA ENERGÍA, S.A.U.;0,00;EMASP, S. COOP.;0,00;ENERGY STROM XXI, S.L.;0,20;GIGABUSINESS, S.L.;0,00;GOIENER S.COOP;0,00;;;;;;;;;;
ELECTRA NORTE ENERGÍA, S.A.U.;0,23;ENARA GESTIÓN Y MEDIACIÓN, S.L.;0,00;ENERGY TRADER SOLUTIONS, S.L.;0,41;GNERA ENERGÍA Y TECNOLOGÍA, S.L.;0,00;HIDROELÉCTRICA DEL VALIRA, S.L.;0,00;;;;;;;;;;
ELECTRACOMERCIAL CENTELLES, S.L.;0,00;ENDESA ENERGÍA, S.A.;0,27;ENERGÍA NUFRI, S.L.U.;0,00;GOIENER S.COOP;0,00;HIDROELÉCTRICA EL CARMEN ENERGÍA, S.L.;0,00;;;;;;;;;;
ELÉCTRICA ALBATERENSE, S.L.;0,00;ENDESA GENERACIÓN, S.A.;0,31;ENERGÍA COLECTIVA, S.L.;0,00;HIDROELÉCTRICA DEL VALIRA, S.L.;0,00;IBERDROLA CLIENTES, S.A.U.;0,15;;;;;;;;;;
ELÉCTRICA CATRALENSE, S.L.;0,00;ENDI ENERGY TRADING, S.L.;0,00;ENERGÍA DLR COMERCIALIZADORA, S.L.;0,41;HIDROELÉCTRICA EL CARMEN ENERGÍA, S.L.;0,00;INDEXO ENERGÍA, S.L.;0,11;;;;;;;;;;
ELÉCTRICA DE CHERA, S.C.V.;0,00;ENELUZ 2025, S.L.;0,00;ENERGÍA ELÉCTRICA EFICIENTE, S.L;0,00;IBERDROLA CLIENTES, S.A.U.;0,28;INICIATIVA E. NOVA, S.L.;0,00;;;;;;;;;;
ELÉCTRICA DE GUADASSUAR COOP. V.;0,00;ENERCOLUZ ENERGÍA, S.L.;0,26;ENERKIA ENERGÍA, S.L;0,00;IM3 ENERGÍA, S.L.;0,00;INTEGRACIÓN EUROPEA DE ENERGÍA, S.A.U.;0,36;;;;;;;;;;
ELÉCTRICA DE GUIXES ENERGÍA, S.L.;0,17;ENERGÉTICA DEL ESTE, S.L.;0,00;ENERPLUS ENERGÍA, S.A.;0,28;INDEXO ENERGÍA, S.L.;0,23;"LA UNION ELECTRO INDUSTRIAL, S.L. ""UNIPERSONAL""";0,00;;;;;;;;;;
ELÉCTRICA SOLLERENSE, S.A.;0,00;ENERGÍA COLECTIVA, S.L.;0,00;ENERPLUS, S.COOP.;0,00;INICIATIVA E. NOVA, S.L.;0,01;LONJAS TECNOLOGIA, S.A.;0,29;;;;;;;;;;
ELÉCTRICA VAQUER ENERGÍA, S.A.;0,00;ENERGÍA DLR COMERCIALIZADORA, S.L.;0,30;ENGIE ESPAÑA, S.L.U.;0,35;INTEGRACIÓN EUROPEA DE ENERGÍA SUR, S.L.;0,43;LUVON ENERGÍA, S.L.;0,00;;;;;;;;;;
ELÉCTRICA VINALESA SDAD COOP VALENCIANA;0,00;ENERGÍA ELÉCTRICA EFICIENTE, S.L;0,00;ENSTROGA, S.L.;0,40;INTEGRACIÓN EUROPEA DE ENERGÍA, S.A.U.;0,43;NEXUS ENERGÍA, S.A.;0,02;;;;;;;;;;
ELECTRICIDAD ELEIA S.L.;0,17;ENERGÍA NARANJA, S.L.;0,00;ENÉRGYA VM GESTIÓN DE ENERGÍA, S.L.U.;0,14;KILOWATIOS VERDES, S.L.;0,12;NEXUS RENOVABLES, S.L.;0,00;;;;;;;;;;
ELEGA ENERGÍA SL;0,00;ENERGÍA NUFRI, S.L.U.;0,26;EPRESA ENERGÍA, S.A.U.;0,00;LA UNIÓN ELECTRO INDUSTRIAL, S.L.U.;0,00;NINOBE SERVICIOS ENERGÉTICOS, S.L.;0,27;;;;;;;;;;
ELEKTRON COMERCIALIZADORA DE ENERGÍA, SOCIEDAD LIMITADA;0,21;ENERGÍA VIVA SPAIN, S.L.;0,27;ESTABANELL Y PAHISA MERCATOR, S.A.;0,00;LONJAS TECNOLOGIA, S.A.;0,31;NOBE SOLUCIONES Y ENERGÍA;0,00;;;;;;;;;;
ELEVA 2 COMERCIALIZADORA SL;0,00;ENERGY STROM XXI, S.L.;0,10;ESTRATEGIAS ELÉCTRICAS INTEGRALES, S.A.;0,08;LUBALOO, S.L.;0,00;NOSA ENERXIA SOCIEDADE COOP GALEGA;0,00;;;;;;;;;;
ELÉCTRICA DE MELIANA, S.C.V.;0,00;ENÉRGYA VM GESTIÓN DE ENERGÍA, S.L.U.;0,17;EVERGREEN ELÉCTRICA, S.L.;0,40;NABALIA ENERGÍA 2000, S.A.;0,34;ODF ENERGÍA LIBRE COMERCIALIZADORA, S.L.;0,00;;;;;;;;;;
ELÉCTRICA DE SOT DE CHERA S. COOP.V.;0,00;ENERPLUS, S.COOP.;0,00;FACTOR ENERGÍA, S.A.;0,28;NEXUS ENERGÍA, S.A.;0,00;ON DEMAND FACILITIES, S.L.U.;0,00;;;;;;;;;;
EMASP, S. COOP.;0,00;ENGIE ESPAÑA, S.L.U.;0,26;FENIE ENERGÍA, S.A.;0,00;NINOBE SERVICIOS ENERGÉTICOS, S.L.;0,40;PEPEENERGY;0,00;;;;;;;;;;
EMPRESA DE ALUMBRADO ELECTRICO DE CEUTA, S.A.;0,25;ENSTROGA, S.L.;0,30;FOENER COMERCIALIZACIÓN, S.L.U.;0,36;NOBE SOLUCIONES Y ENERGÍA;0,00;PETRONIEVES ENERGÍA 1, S.L.;0,26;;;;;;;;;;
ENARA GESTIÓN Y MEDIACIÓN, S.L.;0,00;ESTABANELL Y PAHISA MERCATOR, S.A.;0,00;FORZA VSUNAIR, S.L.;0,09;NOSA ENERXIA SOCIEDADE COOP GALEGA;0,00;PHOTON GESTION;0,00;;;;;;;;;;
ENDESA ENERGÍA, S.A.;0,20;ESTRATEGIAS ELÉCTRICAS INTEGRALES, S.A.;0,17;FUSIONA COMERCIALIZADORA, S.A.;0,00;NUEVA COMERCIALIZADORA ESPAÑOLA, S.L.;0,40;PROT ENERGÍA COMERCIALIZACIÓN, S.L.;0,00;;;;;;;;;;
ENDESA ENERGÍA RENOVABLE, S.L.;0,00;EVERGREEN ELÉCTRICA, S.L.;0,31;GALP ENERGÍA ESPAÑA S.A.U.;0,35;ODF ENERGÍA LIBRE COMERCIALIZADORA, S.L.;0,00;PULSAR SERVICIOS ENERGÉTICOS,;0,00;;;;;;;;;;
ENDI ENERGY TRADING SOCIEDAD LIMITADA;0,00;FACTOR ENERGÍA, S.A.;0,21;GAOLANIA SERVICIOS, S.L.;0,00;ON DEMAND FACILITIES, S.L.U.;0,06;RENEWABLE VENTURES, S.L.;0,00;;;;;;;;;;
ENELUZ 2025, S.L.;0,00;FAIN Energía S.L.;0,00;GAS NATURAL COMERCIALIZADORA, S.A.;0,25;PEPEENERGY;0,00;REYSE ENERGÍA, S.L.;0,07;;;;;;;;;;
ENERCOLUZ ENERGÍA, S.L.;0,21;FENIE ENERGÍA, S.A.;0,00;GAS NATURAL FENOSA RENOVABLES, S.L.U.;0,00;PETRO NAVARRA, S.L.;0,00;RONDA OESTE ENERGÍA, S.L.;0,00;;;;;;;;;;
ENERGÍA NÓRDICA, GAS Y ELECTRICIDAD , SL;0,00;Foener Energía, S.L;0,28;GAS NATURAL SERVICIOS SDG, S.A.;0,41;PETRONIEVES ENERGÍA 1, S.L.;0,39;SAMPOL INGENIERÍA Y OBRAS, S.A.;0,30;;;;;;;;;;
ENERGÍA RIO EZKA-EZKA IBAIA ENERGÍA, S.L.;0,03;FORZA VSUNAIR, S.L.;0,00;GEO ALTERNATIVA, S.L.;0,00;PHOTON GESTIÓN;0,00;SOM ENERGÍA, S.C.C.L.;0,00;;;;;;;;;;
ENERGÍA VIVA SPAIN, S.L.;0,00;FOX ENERGÍA, S.A.;0,31;GEOATLANTER, S.L.;0,00;PROT ENERGÍA COMERCIALIZACIÓN, S.L.;0,00;SUMINISTROS ESPECIALES ALGINETENSES COOP. V.;0,00;;;;;;;;;;
ENERGÍAS DE ESCARRILLA SL;0,00;FUSIONA COMERCIALIZADORA, S.A.;0,00;GERENTA ENERGÍA, S.L.U;0,00;PULSAR SERVICIOS ENERGÉTICOS, S.L.;0,00;SUNAIR ONE ENERGY, S.L.;0,31;;;;;;;;;;
ENERGY BY COGEN, S.L.;0,26;GAIA GLOBAL ENERGY SOCIEDAD LIMITADA;0,00;GESTERNOVA, S.A.;0,00;RENEWABLE VENTURES, S.L.;0,00;SYDER COMERCIALIZADORA VERDE, S.L.;0,00;;;;;;;;;;
ENERGY STROM XXI, S.L.;0,00;GALP ENERGÍA ESPAÑA S.A.U.;0,27;GLOBAL BIOSFERA PROTEC, S.L.;0,00;SAMPOL INGENIERÍA Y OBRAS, S.A.;0,32;TELEFÓNICA SOLUCIONES DE INFORMÁTICA Y COMUNICACIONES DE ESPAÑA, S.A.U.;0,00;;;;;;;;;;
ENERGÍA COLECTIVA, S.L.;0,00;GAOLANIA SERVICIOS, S.L.;0,00;GNERA ENERGÍA Y TECNOLOGIA, S.L.;0,00;SOM ENERGÍA, S.C.C.L.;0,00;THE YELLOW ENERGY, S.L.;0,00;;;;;;;;;;
ENERGÍA COSTA DORADA SL;0,00;GAS NATURAL COMERCIALIZADORA, S.A.;0,21;GOIENER S.COOP;0,00;SUMINISTRADORA ELÉCTRICA VIENTOS ALISIOS DE LANZAROTE, S.L.;0,00;TRADE UNIVERSAL ENERGY, S.A.;0,00;;;;;;;;;;
ENERGÍA DLR COMERCIALIZADORA, S.L.;0,22;GEO ALTERNATIVA, S.L.;0,00;GRUPO IBERSOGAS ENERGÍA, S.L.;0,41;SUMINISTROS ESPECIALES ALGINETENSES COOP. V.;0,00;UNIC GLOBAL-LOGISTICS S.L.;0,00;;;;;;;;;;
ENERGÍA ELÉCTRICA EFICIENTE, S.L;0,00;GEOATLANTER, S.L.;0,00;HELIA COOP V;0,00;SWAP ENERGÍA, S.A.;0,39;UNIELÉCTRICA ENERGÍA, S.A.;0,00;;;;;;;;;;
ENERGÍA NUFRI, S.L.U.;0,25;GERENTA ENERGÍA, S.L.U;0,00;HELIOELEC ENERGÍA ELECTRICA, S.L.;0,00;SYDER COMERCIALIZADORA VERDE, S.L.;0,00;V3J INGENIERIA Y SERVICIOS, S.L.;0,28;;;;;;;;;;
ENERGÍAS DE PANTICOSA COMERCIALIZADORA, S.L.;0,00;GESTERNOVA, S.A.;0,00;HIDROELECTRICA DEL VALIRA, S.L.;0,00;TELEFÓNICA SOLUCIONES DE INFORMÁTICA Y COMUNICACIONES DE ESPAÑA, S.A.U.;0,00;VIESGO ENERGíA, S.L.;0,26;;;;;;;;;;
ENERPLUS ENERGÍA, S.A.;0,23;GLOBAL BIOSFERA PROTEC, S.L.;0,00;HIDROELÉCTRICA EL CARMEN ENERGÍA, S.L.;0,00;THE YELLOW ENERGY, S.L.;0,00;WATIUM, S.L.;0,00;;;;;;;;;;
ENGIE ESPAÑA, S.L.U.;0,20;GLOBELIGHT ENERGY S.L;0,22;IBERDROLA CLIENTES, S.A.U.;0,27;TRADE UNIVERSAL ENERGY, S.A.;0,00;WIND TO MARKET, S.A.;0,00;;;;;;;;;;
ENSTROGA, S.L.;0,24;GNERA ENERGÍA Y TECNOLOGIA, S.L.;0,00;IBERDROLA GENERACION ESPAÑA, S.A.U.;0,00;UNIELÉCTRICA ENERGÍA, S.A.;0,00;ZENCER, S. COOP. AND;0,00;;;;;;;;;;
ENERGYA VM GESTIÓN DE ENERGÍA, S.L.U.;0,20;GOIENER S.COOP;0,00;IBERDROLA SERVICIOS ENERGETICOS, S.A.U.;0,00;V3J INGENIERIA Y SERVICIOS, S.L.;0,37;;;;;;;;;;;;
EPRESA ENERGÍA, S.A.U.;0,00;GRUPO IBERSOGAS ENERGÍA, S.L.;0,31;IBERELECTRICA COMERCIALIZADORA, S.L.;0,41;VIESGO ENERGÍA, S.L.;0,32;;;;;;;;;;;;
ESTABANELL Y PAHISA MERCATOR, S.A.;0,00;HELIA COOP V;0,00;IM3 ENERGÍA, S.L.;0,31;WATIUM, S.L.;0,00;;;;;;;;;;;;
ESTRATEGIAS ELÉCTRICAS INTEGRALES, S.A.;0,18;HELIOELEC ENERGÍA ELECTRICA, S.L.;0,00;INDEXO ENERGÍA, S.L.;0,31;WIND TO MARKET, S.A.;0,18;;;;;;;;;;;;
ETERNAL ENERGY S.L.;0,00;HIDROELECTRICA DEL VALIRA, S.L.;0,00;INER ENERGÍA CASTILLA LA MANCHA, S.L.;0,41;;;;;;;;;;;;;;
EVERGREEN ELÉCTRICA, S.L.;0,25;HIDROELÉCTRICA EL CARMEN ENERGÍA, S.L.;0,00;INICIATIVA E. NOVA, S.L.;0,00;;;;;;;;;;;;;;
FACTOR ENERGÍA, S.A.;0,16;IBERCOEN ENERGÍA, S.A.;0,00;INTEGRACION EUROPEA DE ENERGÍA SUR, S.L.;0,41;;;;;;;;;;;;;;
FACTOR INTEGRAL TRADING SERVICES SAU;0,00;IBERDROLA CLIENTES, S.A.U.;0,20;INTEGRACIÓN EUROPEA DE ENERGÍA, S.A.U.;0,41;;;;;;;;;;;;;;
FAIN ENERGÍA, S.L.;0,00;IBERDROLA GENERACION ESPAÑA, S.A.U.;0,00;KILOWATIOS VERDES, S.L.;0,01;;;;;;;;;;;;;;
FENIE ENERGÍA, S.A.;0,00;IBERDROLA SERVICIOS ENERGETICOS, S.A.U.;0,00;LA UNION ELECTRO INDUSTRIAL, S.L.U.;0,00;;;;;;;;;;;;;;
FORTIA ENERGÍA, S.L.;0,24;IBERELECTRICA COMERCIALIZADORA, S.L.;0,31;LEDESMA COMERCIALIZADORA ELÉCTRICA, S.L.;0,00;;;;;;;;;;;;;;
FORZA VSUNAIR, S.L.;0,00;IM3 ENERGÍA, S.L.;0,00;LONJAS TECNOLOGIA, S.A.;0,34;;;;;;;;;;;;;;
FOX ENERGÍA S.A;0,31;INDEXO ENERGÍA, S.L.;0,13;LUBALOO, S.L.;0,00;;;;;;;;;;;;;;
FUSIONA COMERCIALIZADORA, S.A.;0,00;INER ENERGÍA CASTILLA LA MANCHA, S.L.;0,29;MEGARA ENERGÍA SOCIEDAD COOPERATIVA CYL;0,00;;;;;;;;;;;;;;
FOENER ENERGÍA, S.L;0,21;INICIATIVA E. NOVA, S.L.;0,00;MULTIENERGÍA VERDE, S.L.;0,03;;;;;;;;;;;;;;
GAIA GLOBAL ENERGY SOCIEDAD LIMITADA;0,00;INNOVA DESARROLLO Y EFICIENCIA ENERGÉTICA, S.L.;0,00;NABALIA ENERGÍA 2000, S.A.;0,31;;;;;;;;;;;;;;
GALP ENERGÍA ESPAÑA S.A.U.;0,24;INTEGRACIÓN EUROPEA DE ENERGÍA, S.A.U.;0,31;NEXUS ENERGÍA, S.A.;0,00;;;;;;;;;;;;;;
GAOLANIA SERVICIOS, S.L.;0,00;INTEGRACION EUROPEA DE ENERGÍA SUR, S.L.;0,30;NINOBE SERVICIOS ENERGÉTICOS, S.L.;0,37;;;;;;;;;;;;;;
GAS NATURAL COMERCIALIZADORA, S.A.;0,14;INTELIGENCIA PARA EL AHORRO ENERGÉTICO, S.L.;0,00;NOBE SOLUCIONES Y ENERGÍA;0,00;;;;;;;;;;;;;;
GASILUZ ECO ENERCIA S.L.;0,00;KILOWATIOS VERDES, S.L.;0,11;NOSA ENERXIA SOCIEDADE COOP GALEGA;0,00;;;;;;;;;;;;;;
GEO ALTERNATIVA, S.L.;0,00;KISHOA, S.L.;0,00;ODF ENERGÍA LIBRE COMERCIALIZADORA, S.L.;0,00;;;;;;;;;;;;;;
GEOATLANTER, S.L.;0,00;LA CORRIENTE SOCIEDAD COOPERATIVA;0,00;ON DEMAND FACILITIES, S.L.U.;0,00;;;;;;;;;;;;;;
GERENTA ENERGÍA, S.L.U;0,00;LA UNION ELECTRO INDUSTRIAL, S.L.U.;0,00;PEPEENERGY;0,00;;;;;;;;;;;;;;
GESTERNOVA, S.A.;0,00;LONJAS TECNOLOGIA, S.A.;0,25;PETRO NAVARRA, S.L.;0,00;;;;;;;;;;;;;;
GESTINER INGENIEROS, S.L.;0,00;LOOP ELECTRICIDAD Y GAS S.L.;0,00;PETRONIEVES ENERGÍA 1, S.L.;0,39;;;;;;;;;;;;;;
GLOBAL BIOSFERA PROTEC, S.L.;0,00;LUBALOO, S.L.;0,00;PHOTON GESTION;0,00;;;;;;;;;;;;;;
GLOBELIGHT ENERGY S.L;0,23;LUX FORUM SL;0,28;PROT ENERGÍA COMERCIALIZACIÓN, S.L.;0,00;;;;;;;;;;;;;;
GNERA ENERGÍA Y TECNOLOGÍA, S.L.;0,00;MEGARA ENERGÍA SOCIEDAD COOPERATIVA CYL;0,00;PULSAR SERVICIOS ENERGÉTICOS,;0,00;;;;;;;;;;;;;;
GOIENER S.COOP;0,00;MULTIENERGÍA VERDE, S.L.;0,00;REMICA COMERCIALIZADORA, S.A.U.;0,24;;;;;;;;;;;;;;
GRUPO ENERGALICIA, S.A.;0,00;NABALIA ENERGÍA 2000, S.A.;0,14;RENEWABLE VENTURES, S.L.;0,00;;;;;;;;;;;;;;
GRUPO IBERSOGAS ENERGÍA, S.L.;0,25;NATURGY IBERIA, S.A.;0,30;RESPIRA ENERGÍA, S.A.;0,03;;;;;;;;;;;;;;
HANWHA ENERGY RETAIL SPAIN SL;0,00;NATURGY RENOVABLES, S.L.U.;0,00;RESPIRA ENERGÍA ESPAÑA, S.L. ;0,37;;;;;;;;;;;;;;
HELIA COOP V;0,00;NEOWATIO, S.L.;0,00;RTOTAL GAS Y ELECTRICIDAD ESPAÑA, S.A.U.;0,36;;;;;;;;;;;;;;
HELIOELEC ENERGÍA ELÉCTRICA, S.L.;0,00;NEXUS ENERGÍA, S.A.;0,00;SAMPOL INGENIERÍA Y OBRAS, S.A.;0,33;;;;;;;;;;;;;;
HIDROELÉCTRICA DEL VALIRA, S.L.;0,00;NINOBE SERVICIOS ENERGÉTICOS, S.L.;0,29;SHELL ESPAÑA, S.A.;0,00;;;;;;;;;;;;;;
HIDROELÉCTRICA DEL CANTÁBRICO, S.A.;0,25;NOBE SOLUCIONES Y ENERGÍA;0,00;SOM ENERGÍA, S.C.C.L.;0,00;;;;;;;;;;;;;;
HIDROELÉCTRICA EL CARMEN ENERGÍA, S.L.;0,00;NOSA ENERXIA SOCIEDADE COOP GALEGA;0,00;STIN, S.A.;0,39;;;;;;;;;;;;;;
HIDROELÉCTRICA LUMYMEY, S.L.;0,00;ODF ENERGÍA LIBRE COMERCIALIZADORA, S.L.;0,00;SUMINISTRADORA ELECTRICA VIENTOS ALISIOS DE LANZAROTE S.L.;0,00;;;;;;;;;;;;;;
HOLALUZ-CLIDOM, S.A.;0,00;ON DEMAND FACILITIES, S.L.U.;0,00;SUMINISTROS ESPECIALES ALGINETENSES COOP. V.;0,00;;;;;;;;;;;;;;
IBERCOEN ENERGÍA, S.A.;0,00;OVO ENERGY SPAIN, S.L.;0,00;SUNAIR ONE ENERGY, S.L.;0,38;;;;;;;;;;;;;;
IBERDROLA CLIENTES, S.A.U.;0,15;PEPEENERGY;0,00;SUNAIR ONE HOME, S.L.;0,20;;;;;;;;;;;;;;
IBERDROLA SERVICIOS ENERGETICOS, S.A.U.;0,00;PETRO NAVARRA, S.L.;0,00;SYDER COMERCIALIZADORA VERDE, S.L.;0,00;;;;;;;;;;;;;;
IM3 ENERGÍA, S.L.;0,00;PHOTON GESTIÓN;0,00;TELEFONICA SOLUCIONES DE INFORMATICA Y COMUNICACIONES DE ESPAÑA, S.A.U.;0,20;;;;;;;;;;;;;;
INDEXO ENERGÍA, S.L.;0,04;POTENZIA COMERCIALIZADORA, S.L.;0,00;THE YELLOW ENERGY, S.L.;0,00;;;;;;;;;;;;;;
INER ENERGÍA CASTILLA LA MANCHA, S.L.;0,00;PROT ENERGÍA COMERCIALIZACIÓN, S.L.;0,00;TOTAL GAS Y ELECTRICIDAD ESPAÑA S.A.U.;0,38;;;;;;;;;;;;;;
INICIATIVA E. NOVA, S.L.;0,00;PULSAR SERVICIOS ENERGÉTICOS;0,00;TRACTAMENT I SELECCIÓ DE RESIDUS, S.A.;0,00;;;;;;;;;;;;;;
INNOVA DESARROLLO Y EFICIENCIA ENERGÉTICA, S.L.;0,00;REMICA COMERCIALIZADORA, S.A.U.;0,21;TRADE UNIVERSAL ENERGY, S.A.;0,00;;;;;;;;;;;;;;
INSIGNIA ENERGÍA, S.L.;0,25;RENEWABLE VENTURES, S.L.;0,00;UNIELÉCTRICA ENERGÍA, S.A.;0,00;;;;;;;;;;;;;;
INTEGRACION EUROPEA DE ENERGÍA SUR, S.L.;0,25;REPSOL COMERCIALIZADORA DE ELECTRICIDAD Y GAS, S.L.U.;0,02;V3J INGENIERIA Y SERVICIOS, S.L.;0,30;;;;;;;;;;;;;;
INTEGRACIÓN EUROPEA DE ENERGÍA, S.A.U.;0,05;RESPIRA ENERGÍA ESPAÑA, S.L. ;0,31;VIESGO ENERGÍA, S.L.;0,21;;;;;;;;;;;;;;
INTELIGENCIA PARA EL AHORRO ENERGÉTICO S.L.;0,00;RESPIRA ENERGÍA, S.A.;0,05;VIRTUS GLOBAL ENERGY SL;0,00;;;;;;;;;;;;;;
KILOWATIOS VERDES, S.L.;0,00;ROFEICA ENERGÍA, S.A;0,30;VIVE ENERGÍA ELÉCTRICA, S.A;0,41;;;;;;;;;;;;;;
KIPIN ENERGY SL;0,00;RONDA OESTE ENERGÍA, S.L.;0,29;WATIO WHOLESALE, S.L.;0,39;;;;;;;;;;;;;;
KISHOA, S.L.;0,00;SAMPOL INGENIERÍA Y OBRAS, S.A.;0,18;WATIUM, S.L.;0,35;;;;;;;;;;;;;;
LA CORRIENTE SOCIEDAD COOPERATIVA;0,00;SHELL ESPAÑA, S.A.;0,00;WIND TO MARKET, S.A.;0,20;;;;;;;;;;;;;;
LA UNIÓN ELECTRO INDUSTRIAL, S.L.U.;0,00;SOM ENERGÍA, S.C.C.L.;0,00;;;;;;;;;;;;;;;;
LONJAS TECNOLOGÍA, S.A.;0,21;STIN, S.A.;0,24;;;;;;;;;;;;;;;;
LOOP ELECTRICIDAD Y GAS S.L.;0,00;SUMINISTRADORA ELECTRICA VIENTOS ALISIOS DE LANZAROTE, S.L.;0,00;;;;;;;;;;;;;;;;
LOVE ENERGY, S.L.;0,00;SUMINISTROS ESPECIALES ALGINETENSES COOP. V.;0,00;;;;;;;;;;;;;;;;
LUCE CAPITAL GROUP SL;0,00;SUNAIR ONE ENERGY, S.L.;0,00;;;;;;;;;;;;;;;;
LUX FORUM SL;0,20;SUNAIR ONE HOME, S.L.;0,00;;;;;;;;;;;;;;;;
LUZ SOLIDARIA S.L.;0,00;SYDER COMERCIALIZADORA VERDE, S.L.;0,00;;;;;;;;;;;;;;;;
MASQLUZ 2020, S.L.;0,00;TELEFONICA SOLUCIONES DE INFORMATICA Y COMUNICACIONES DE ESPAÑA, S.A.U.;0,00;;;;;;;;;;;;;;;;
MEGARA ENERGÍA SOCIEDAD COOPERATIVA CYL;0,00;TERUGAS ENERGY, S.L.;0,00;;;;;;;;;;;;;;;;
MENTA ENERGÍA COMERCIALIZADORA SL;0,00;THE ENERGY HOUSE GROUP, S.L.;0,00;;;;;;;;;;;;;;;;
MULTIENERGÍA VERDE, S.L.;0,00;THE YELLOW ENERGY, S.L.;0,00;;;;;;;;;;;;;;;;
NABALIA ENERGÍA 2000, S.A.;0,00;TOTAL GAS Y ELECTRICIDAD ESPAÑA, S.A.U.;0,30;;;;;;;;;;;;;;;;
NATURGY IBERIA, S.A.;0,25;TRACTAMENT I SELECCIÓ DE RESIDUS, S.A.;0,00;;;;;;;;;;;;;;;;
NATURGY RENOVABLES, S.L.U.;0,00;TRADE UNIVERSAL ENERGY, S.A.;0,00;;;;;;;;;;;;;;;;
NEOELECTRA ENERGÍA, S.L.U.;0,24;UNIELÉCTRICA ENERGÍA, S.A.;0,00;;;;;;;;;;;;;;;;
NEOWATIO S.L.;0,00;VIRTUS GLOBAL ENERGY, S.L.;0,00;;;;;;;;;;;;;;;;
NEXUS ENERGÍA, S.A.;0,00;VISALIA ENERGÍA, S.L.;0,00;;;;;;;;;;;;;;;;
NINOBE SERVICIOS ENERGÉTICOS, S.L.;0,00;VIVE ENERGÍA ELÉCTRICA, S.A.;0,00;;;;;;;;;;;;;;;;
NOBE SOLUCIONES Y ENERGÍA;0,00;VIVO ENERGÍA FUTURA, S.A.;0,00;;;;;;;;;;;;;;;;
NOSA ENERXIA SOCIEDADE COOP GALEGA;0,00;VÓLTICO ENERGÍA, S.L.;0,00;;;;;;;;;;;;;;;;
NUEVA COMERCIALIZADORA ESPAÑOLA, S.L.;0,02;V3J INGENIERIA Y SERVICIOS, S.L.;0,05;;;;;;;;;;;;;;;;
ODF ENERGÍA LIBRE COMERCIALIZADORA, S.L.;0,00;WATIO WHOLESALE, S.L.;0,27;;;;;;;;;;;;;;;;
ON DEMAND FACILITIES, S.L.U.;0,00;WATIUM, S.L.;0,28;;;;;;;;;;;;;;;;
OVO ENERGY SPAIN S.L.;0,00;WIND TO MARKET, S.A.;0,21;;;;;;;;;;;;;;;;
PEPEENERGY;0,00;24-7 UTILITIES, S.L.U.;0,00;;;;;;;;;;;;;;;;
PETRO NAVARRA, S.L.;0,22;;;;;;;;;;;;;;;;;;
PETRONIEVES ENERGÍA 1, S.L.;0,24;;;;;;;;;;;;;;;;;;
POTENZIA COMERCIALIZADORA SL;0,00;;;;;;;;;;;;;;;;;;
PROT ENERGÍA COMERCIALIZACIÓN, S.L.;0,00;;;;;;;;;;;;;;;;;;
PULSAR SERVICIOS ENERGÉTICOS,;0,00;;;;;;;;;;;;;;;;;;
RA&AN ELÉCTRICA SL;0,00;;;;;;;;;;;;;;;;;;
RENEWABLE VENTURES, S.L.;0,00;;;;;;;;;;;;;;;;;;
REPSOL COMERCIALIZADORA DE ELECTRICIDAD Y GAS, S.L.U.;0,00;;;;;;;;;;;;;;;;;;
RESPIRA ENERGÍA, S.A.;0,02;;;;;;;;;;;;;;;;;;
RESPIRA ENERGÍA ESPAÑA, S.L. ;0,01;;;;;;;;;;;;;;;;;;
ROFEICA ENERGÍA, S.A;0,21;;;;;;;;;;;;;;;;;;
RONDA OESTE ENERGÍA, S.L.;0,24;;;;;;;;;;;;;;;;;;
SAMPOL INGENIERÍA Y OBRAS, S.A.;0,05;;;;;;;;;;;;;;;;;;
SHELL ESPAÑA, S.A.;0,00;;;;;;;;;;;;;;;;;;
SIMPLES ENERGÍA DE ESPAÑA, S.L.;0,24;;;;;;;;;;;;;;;;;;
SISTEMAS URBANOS DE ENERGÍAS RENOVABLES SOCIEDAD LIMITADA;0,20;;;;;;;;;;;;;;;;;;
SOLABRIA, S.COOP;0,00;;;;;;;;;;;;;;;;;;
SOLELEC IBÉRICA, S.L.;0,25;;;;;;;;;;;;;;;;;;
SOM ENERGÍA, S.C.C.L.;0,00;;;;;;;;;;;;;;;;;;
STIN, S.A.;0,23;;;;;;;;;;;;;;;;;;
SUMINISTROS ESPECIALES ALGINETENSES COOP. V.;0,00;;;;;;;;;;;;;;;;;;
SUNAIR ONE CANARIAS, S.L.;0,00;;;;;;;;;;;;;;;;;;
SUNAIR ONE ENERGY, S.L.;0,00;;;;;;;;;;;;;;;;;;
SUNAIR ONE HOME, S.L.;0,00;;;;;;;;;;;;;;;;;;
SYDER COMERCIALIZADORA VERDE, S.L.;0,00;;;;;;;;;;;;;;;;;;
TELEFONICA SOLUCIONES DE INFORMATICA Y COMUNICACIONES DE ESPAÑA, S.A.U.;0,00;;;;;;;;;;;;;;;;;;
TENSINA DE ENERGÍA Y SERVICIOS, S.L.;0,00;;;;;;;;;;;;;;;;;;
THE YELLOW ENERGY, S.L.;0,00;;;;;;;;;;;;;;;;;;
TOTAL GAS Y ELECTRICIDAD ESPAÑA S.A.U.;0,19;;;;;;;;;;;;;;;;;;
TRACTAMENT I SELECCIÓ DE RESIDUS, S.A.;0,00;;;;;;;;;;;;;;;;;;
TRADE UNIVERSAL ENERGY, S.A.;0,00;;;;;;;;;;;;;;;;;;
UMEME ENERGÍA SOCIEDAD LIMITADA;0,19;;;;;;;;;;;;;;;;;;
UNIELÉCTRICA ENERGÍA, S.A.;0,00;;;;;;;;;;;;;;;;;;
V3J INGENIERÍA Y SERVICIOS, S.L.;0,01;;;;;;;;;;;;;;;;;;
VILLAR MIR ENERGÍA, S.L.;0,24;;;;;;;;;;;;;;;;;;
VIRTUS GLOBAL ENERGY SL;0,00;;;;;;;;;;;;;;;;;;
VISALIA ENERGÍA S.L.;0,20;;;;;;;;;;;;;;;;;;
VITA CAPITAL TRADING SL;0,00;;;;;;;;;;;;;;;;;;
VIVE ENERGÍA ELÉCTRICA, S.A;0,00;;;;;;;;;;;;;;;;;;
VIVO ENERGÍA FUTURA S.A;0,00;;;;;;;;;;;;;;;;;;
VÓLTICO ENERGÍA, S.L.;0,00;;;;;;;;;;;;;;;;;;
WATIO WHOLESALE, S.L.;0,17;;;;;;;;;;;;;;;;;;
WATIUM, S.L.;0,25;;;;;;;;;;;;;;;;;;
WIND TO MARKET, S.A.;0,16;;;;;;;;;;;;;;;;;;
ZULUX ENERGÍA SL;0,24;;;;;;;;;;;;;;;;;;